﻿<?xml version="1.0" encoding="utf-8"?><EntityDescriptor ID="_a9ee8825-d9dc-42eb-84c2-2027e0e92242" entityID="https://localhost/NotAWif.STSWeb/" xmlns="urn:oasis:names:tc:SAML:2.0:metadata"><RoleDescriptor xsi:type="fed:ApplicationServiceType" xmlns:fed="http://docs.oasis-open.org/wsfed/federation/200706" protocolSupportEnumeration="http://docs.oasis-open.org/wsfed/federation/200706" xmlns:xsi="http://www.w3.org/2001/XMLSchema-instance"><fed:ClaimTypesRequested><auth:ClaimType Uri="http://schemas.xmlsoap.org/ws/2005/05/identity/claims/name" Optional="true" xmlns:auth="http://docs.oasis-open.org/wsfed/authorization/200706" /><auth:ClaimType Uri="http://schemas.microsoft.com/ws/2008/06/identity/claims/role" Optional="true" xmlns:auth="http://docs.oasis-open.org/wsfed/authorization/200706" /></fed:ClaimTypesRequested><fed:TargetScopes><EndpointReference xmlns="http://www.w3.org/2005/08/addressing"><Address>https://localhost/NotAWif.STSWeb/</Address></EndpointReference></fed:TargetScopes><fed:PassiveRequestorEndpoint><EndpointReference xmlns="http://www.w3.org/2005/08/addressing"><Address>https://localhost/NotAWif.STSWeb/</Address></EndpointReference></fed:PassiveRequestorEndpoint></RoleDescriptor></EntityDescriptor>
