<Modules>
  <Module PersistentId="850CF1E9-7EEE-4ADE-872E-F29DF4AED0EB" ModuleId="CoupledCode" />
  <Module PersistentId="E5F755D6-689D-4170-A0EA-0EC9EDBA1950" ModuleId="UnityBuildUp" />
  <Module PersistentId="72B80D73-85E4-4928-B600-4C16500F32EC" ModuleId="UnityInjection" />
  <Module PersistentId="84715A2F-6DC9-4CEB-B241-83C277D73BA6" ModuleId="UnityAspNet" />
  <Module PersistentId="91EA64EF-97FF-4EB7-8556-23B4DBE39FCD" ModuleId="UnityAspNetMvc" />
  <Module PersistentId="52EC93BF-02A5-4A8A-99EA-0F3D21BF5E09" ModuleId="UnityInjection.WcfActivation" />
  <Module PersistentId="AFD71FD8-2A74-4020-A36A-20B08D3FC572" ModuleId="UnityInjection.WcfServiceBehavior" />
  <Module PersistentId="d:Miscellaneous Files" ModuleId="Neovolve.Toolkit.Unity" />
  <Module PersistentId="3F16C012-767A-49E4-AFE8-96CBC31D132B" ModuleId="UnityInjection.WcfServiceHostFactory" />
  <Module PersistentId="AF8C2CA4-1222-4320-8E43-2E00A108B21B" ModuleId="UnityInjection.BuildTreeDisposal_1" />
  <Module PersistentId="21177B96-2BAD-42AB-97C7-5F0C1CC447F9" ModuleId="UnityInjection.AppSettings" />
  <Module PersistentId="6FE0F16E-15A3-460A-8306-CDBAEA4C8907" ModuleId="UnityInjection.CoupledService" />
  <Module PersistentId="C2C9A923-A6B9-42AC-B482-D5B20B7974D8" ModuleId="UnityInjection.TestService" />
  <Module PersistentId="68FE84AD-2658-45A3-9345-0E28F61BE1AF" ModuleId="UnityInjection.TestServiceContracts" />
  <Module PersistentId="E22A2E51-B83C-4D29-A9E8-2C15AE6FA40D" ModuleId="UnityInjection.Proxy_1" />
  <Module PersistentId="Neovolve.Toolkit.Unity, Version=1.0.0.0, Culture=neutral, PublicKeyToken=911824a9aa319cb2" ModuleId="Neovolve.Toolkit.Unity_1" />
</Modules>